dueDate,capitalBefore,principalPayment,interestPayment,insurancePayment,totalPayment
2026-05-05,82158.78,5.15,102.01,9.32,116.48
2026-06-05,82153.63,5.15,102.01,9.32,116.48
2026-07-05,82148.48,5.16,102.00,9.32,116.48
2026-08-05,82143.32,5.17,101.99,9.32,116.48
2026-09-05,82138.15,5.17,101.99,9.32,116.48
2026-10-05,82132.98,5.18,101.98,9.32,116.48
2026-11-05,82127.80,5.18,101.98,9.32,116.48
2026-12-05,82122.62,5.19,101.97,9.32,116.48
2027-01-05,82117.43,5.20,101.96,9.32,116.48
2027-02-05,82112.23,5.20,101.96,9.32,116.48
2027-03-05,82107.03,5.21,101.95,9.32,116.48
2027-04-05,82101.82,5.22,101.94,9.32,116.48
2027-05-05,82096.60,5.22,101.94,9.35,116.51
2027-06-05,82091.38,5.23,101.93,9.35,116.51
2027-07-05,82086.15,5.24,101.92,9.35,116.51
2027-08-05,82080.91,5.24,101.92,9.35,116.51
2027-09-05,82075.67,5.25,101.91,9.35,116.51
2027-10-05,82070.42,5.26,101.90,9.35,116.51
2027-11-05,82065.16,5.26,101.90,9.35,116.51
2027-12-05,82059.90,5.27,101.89,9.35,116.51
2028-01-05,82054.63,5.28,101.88,9.35,116.51
2028-02-05,82049.35,5.28,101.88,9.35,116.51
2028-03-05,82044.07,5.29,101.87,9.35,116.51
2028-04-05,82038.78,5.30,101.86,9.35,116.51
2028-05-05,82033.48,5.30,101.86,9.44,116.60
2028-06-05,82028.18,5.31,101.85,9.44,116.60
2028-07-05,82022.87,5.31,101.85,9.44,116.60
2028-08-05,82017.56,5.32,101.84,9.44,116.60
2028-09-05,82012.24,5.33,101.83,9.44,116.60
2028-10-05,82006.91,5.33,101.83,9.44,116.60
2028-11-05,82001.58,5.34,101.82,9.44,116.60
2028-12-05,81996.24,5.35,101.81,9.44,116.60
2029-01-05,81990.89,5.35,101.81,9.44,116.60
2029-02-05,81985.54,5.36,101.80,9.44,116.60
2029-03-05,81980.18,5.37,101.79,9.44,116.60
2029-04-05,81974.81,5.37,101.79,9.44,116.60
2029-05-05,81969.44,5.38,101.78,9.89,117.05
2029-06-05,81964.06,5.39,101.77,9.89,117.05
2029-07-05,81958.67,5.39,101.77,9.89,117.05
2029-08-05,81953.28,5.40,101.76,9.89,117.05
2029-09-05,81947.88,5.41,101.75,9.89,117.05
2029-10-05,81942.47,5.41,101.75,9.89,117.05
2029-11-05,81937.06,5.42,101.74,9.89,117.05
2029-12-05,81931.64,5.43,101.73,9.89,117.05
2030-01-05,81926.21,5.43,101.73,9.89,117.05
2030-02-05,81920.78,5.44,101.72,9.89,117.05
2030-03-05,81915.34,5.45,101.71,9.89,117.05
2030-04-05,81909.89,5.46,101.70,9.89,117.05
2030-05-05,81904.43,5.46,101.70,10.47,117.63
2030-06-05,81898.97,5.47,101.69,10.47,117.63
2030-07-05,81893.50,5.48,101.68,10.47,117.63
2030-08-05,81888.02,5.48,101.68,10.47,117.63
2030-09-05,81882.54,5.49,101.67,10.47,117.63
2030-10-05,81877.05,5.50,101.66,10.47,117.63
2030-11-05,81871.55,5.50,101.66,10.47,117.63
2030-12-05,81866.05,5.51,101.65,10.47,117.63
2031-01-05,81860.54,5.52,101.64,10.47,117.63
2031-02-05,81855.02,5.52,101.64,10.47,117.63
2031-03-05,81849.50,5.53,101.63,10.47,117.63
2031-04-05,81843.97,5.54,101.62,10.47,117.63
2031-05-05,81838.43,5.54,101.62,10.81,117.97
2031-06-05,81832.89,5.55,101.61,10.81,117.97
2031-07-05,81827.34,5.56,101.60,10.81,117.97
2031-08-05,81821.78,5.56,101.60,10.81,117.97
2031-09-05,81816.22,5.57,101.59,10.81,117.97
2031-10-05,81810.65,5.58,101.58,10.81,117.97
2031-11-05,81805.07,5.59,101.57,10.81,117.97
2031-12-05,81799.48,5.59,101.57,10.81,117.97
2032-01-05,81793.89,5.60,101.56,10.81,117.97
2032-02-05,81788.29,5.61,101.55,10.81,117.97
2032-03-05,81782.68,5.61,101.55,10.81,117.97
2032-04-05,81777.07,5.62,101.54,10.81,117.97
2032-05-05,81771.45,5.63,101.53,11.31,118.47
2032-06-05,81765.82,5.63,101.53,11.31,118.47
2032-07-05,81760.19,5.64,101.52,11.31,118.47
2032-08-05,81754.55,5.65,101.51,11.31,118.47
2032-09-05,81748.90,5.66,101.50,11.31,118.47
2032-10-05,81743.24,5.66,101.50,11.31,118.47
2032-11-05,81737.58,5.67,101.49,11.31,118.47
2032-12-05,81731.91,5.68,101.48,11.31,118.47
2033-01-05,81726.23,5.68,101.48,11.31,118.47
2033-02-05,81720.55,5.69,101.47,11.31,118.47
2033-03-05,81714.86,5.70,101.46,11.31,118.47
2033-04-05,81709.16,5.70,101.46,11.31,118.47
2033-05-05,81703.46,5.71,101.45,12.13,119.29
2033-06-05,81697.75,5.72,101.44,12.13,119.29
2033-07-05,81692.03,5.73,101.43,12.13,119.29
2033-08-05,81686.30,5.73,101.43,12.13,119.29
2033-09-05,81680.57,5.74,101.42,12.13,119.29
2033-10-05,81674.83,5.75,101.41,12.13,119.29
2033-11-05,81669.08,5.75,101.41,12.13,119.29
2033-12-05,81663.33,5.76,101.40,12.13,119.29
2034-01-05,81657.57,5.77,101.39,12.13,119.29
2034-02-05,81651.80,5.78,101.38,12.13,119.29
2034-03-05,81646.02,5.78,101.38,12.13,119.29
2034-04-05,81640.24,5.79,101.37,12.13,119.29
2034-05-05,81634.45,5.80,101.36,13.25,120.41
2034-06-05,81628.65,5.80,101.36,13.25,120.41
2034-07-05,81622.85,5.81,101.35,13.25,120.41
2034-08-05,81617.04,5.82,101.34,13.25,120.41
2034-09-05,81611.22,5.83,101.33,13.25,120.41
2034-10-05,81605.39,5.83,101.33,13.25,120.41
2034-11-05,81599.56,5.84,101.32,13.25,120.41
2034-12-05,81593.72,5.85,101.31,13.25,120.41
2035-01-05,81587.87,5.86,101.30,13.25,120.41
2035-02-05,81582.01,5.86,101.30,13.25,120.41
2035-03-05,81576.15,5.87,101.29,13.25,120.41
2035-04-05,81570.28,5.88,101.28,13.25,120.41
2035-05-05,81564.40,5.88,101.28,14.27,121.43
2035-06-05,81558.52,5.89,101.27,14.27,121.43
2035-07-05,81552.63,5.90,101.26,14.27,121.43
2035-08-05,81546.73,630.61,101.25,14.27,746.13
2035-09-05,80916.12,631.39,100.47,14.27,746.13
2035-10-05,80284.73,632.17,99.69,14.27,746.13
2035-11-05,79652.56,632.96,98.90,14.27,746.13
2035-12-05,79019.60,633.74,98.12,14.27,746.13
2036-01-05,78385.86,634.53,97.33,14.27,746.13
2036-02-05,77751.33,635.32,96.54,14.27,746.13
2036-03-05,77116.01,636.11,95.75,14.27,746.13
2036-04-05,76479.90,636.90,94.96,14.27,746.13
2036-05-05,75843.00,637.69,94.17,14.58,746.44
2036-06-05,75205.31,638.48,93.38,14.58,746.44
2036-07-05,74566.83,639.27,92.59,14.58,746.44
2036-08-05,73927.56,640.07,91.79,14.58,746.44
2036-09-05,73287.49,640.86,91.00,14.58,746.44
2036-10-05,72646.63,641.66,90.20,14.58,746.44
2036-11-05,72004.97,642.45,89.41,14.58,746.44
2036-12-05,71362.52,643.25,88.61,14.58,746.44
2037-01-05,70719.27,644.05,87.81,14.58,746.44
2037-02-05,70075.22,644.85,87.01,14.58,746.44
2037-03-05,69430.37,645.65,86.21,14.58,746.44
2037-04-05,68784.72,646.45,85.41,14.58,746.44
2037-05-05,68138.27,647.25,84.61,14.74,746.60
2037-06-05,67491.02,648.06,83.80,14.74,746.60
2037-07-05,66842.96,648.86,83.00,14.74,746.60
2037-08-05,66194.10,649.67,82.19,14.74,746.60
2037-09-05,65544.43,650.48,81.38,14.74,746.60
2037-10-05,64893.95,651.28,80.58,14.74,746.60
2037-11-05,64242.67,652.09,79.77,14.74,746.60
2037-12-05,63590.58,652.90,78.96,14.74,746.60
2038-01-05,62937.68,653.71,78.15,14.74,746.60
2038-02-05,62283.97,654.52,77.34,14.74,746.60
2038-03-05,61629.45,655.34,76.52,14.74,746.60
2038-04-05,60974.11,656.15,75.71,14.74,746.60
2038-05-05,60317.96,656.97,74.89,14.78,746.64
2038-06-05,59660.99,657.78,74.08,14.78,746.64
2038-07-05,59003.21,658.60,73.26,14.78,746.64
2038-08-05,58344.61,659.42,72.44,14.78,746.64
2038-09-05,57685.19,660.23,71.63,14.78,746.64
2038-10-05,57024.96,661.05,70.81,14.78,746.64
2038-11-05,56363.91,661.87,69.99,14.78,746.64
2038-12-05,55702.04,662.70,69.16,14.78,746.64
2039-01-05,55039.34,663.52,68.34,14.78,746.64
2039-02-05,54375.82,664.34,67.52,14.78,746.64
2039-03-05,53711.48,665.17,66.69,14.78,746.64
2039-04-05,53046.31,665.99,65.87,14.78,746.64
2039-05-05,52380.32,666.82,65.04,14.42,746.28
2039-06-05,51713.50,667.65,64.21,14.42,746.28
2039-07-05,51045.85,668.48,63.38,14.42,746.28
2039-08-05,50377.37,669.31,62.55,14.42,746.28
2039-09-05,49708.06,670.14,61.72,14.42,746.28
2039-10-05,49037.92,670.97,60.89,14.42,746.28
2039-11-05,48366.95,671.80,60.06,14.42,746.28
2039-12-05,47695.15,672.64,59.22,14.42,746.28
2040-01-05,47022.51,673.47,58.39,14.42,746.28
2040-02-05,46349.04,674.31,57.55,14.42,746.28
2040-03-05,45674.73,675.15,56.71,14.42,746.28
2040-04-05,44999.58,675.99,55.87,14.42,746.28
2040-05-05,44323.59,676.82,55.04,14.02,745.88
2040-06-05,43646.77,677.67,54.19,14.02,745.88
2040-07-05,42969.10,678.51,53.35,14.02,745.88
2040-08-05,42290.59,679.35,52.51,14.02,745.88
2040-09-05,41611.24,680.19,51.67,14.02,745.88
2040-10-05,40931.05,681.04,50.82,14.02,745.88
2040-11-05,40250.01,681.88,49.98,14.02,745.88
2040-12-05,39568.13,682.73,49.13,14.02,745.88
2041-01-05,38885.40,683.58,48.28,14.02,745.88
2041-02-05,38201.82,684.43,47.43,14.02,745.88
2041-03-05,37517.39,685.28,46.58,14.02,745.88
2041-04-05,36832.11,686.13,45.73,14.02,745.88
2041-05-05,36145.98,686.98,44.88,13.25,745.11
2041-06-05,35459.00,687.83,44.03,13.25,745.11
2041-07-05,34771.17,688.69,43.17,13.25,745.11
2041-08-05,34082.48,689.54,42.32,13.25,745.11
2041-09-05,33392.94,690.40,41.46,13.25,745.11
2041-10-05,32702.54,691.25,40.61,13.25,745.11
2041-11-05,32011.29,692.11,39.75,13.25,745.11
2041-12-05,31319.18,692.97,38.89,13.25,745.11
2042-01-05,30626.21,693.83,38.03,13.25,745.11
2042-02-05,29932.38,694.69,37.17,13.25,745.11
2042-03-05,29237.69,695.56,36.30,13.25,745.11
2042-04-05,28542.13,696.42,35.44,13.25,745.11
2042-05-05,27845.71,697.28,34.58,12.04,743.90
2042-06-05,27148.43,698.15,33.71,12.04,743.90
2042-07-05,26450.28,699.02,32.84,12.04,743.90
2042-08-05,25751.26,699.89,31.97,12.04,743.90
2042-09-05,25051.37,700.75,31.11,12.04,743.90
2042-10-05,24350.62,701.62,30.24,12.04,743.90
2042-11-05,23649.00,702.50,29.36,12.04,743.90
2042-12-05,22946.50,703.37,28.49,12.04,743.90
2043-01-05,22243.13,704.24,27.62,12.04,743.90
2043-02-05,21538.89,705.12,26.74,12.04,743.90
2043-03-05,20833.77,705.99,25.87,12.04,743.90
2043-04-05,20127.78,706.87,24.99,12.04,743.90
2043-05-05,19420.91,707.75,24.11,9.97,741.83
2043-06-05,18713.16,708.62,23.24,9.97,741.83
2043-07-05,18004.54,709.50,22.36,9.97,741.83
2043-08-05,17295.04,710.39,21.47,9.97,741.83
2043-09-05,16584.65,711.27,20.59,9.97,741.83
2043-10-05,15873.38,712.15,19.71,9.97,741.83
2043-11-05,15161.23,713.03,18.83,9.97,741.83
2043-12-05,14448.20,713.92,17.94,9.97,741.83
2044-01-05,13734.28,714.81,17.05,9.97,741.83
2044-02-05,13019.47,715.69,16.17,9.97,741.83
2044-03-05,12303.78,716.58,15.28,9.97,741.83
2044-04-05,11587.20,717.47,14.39,9.97,741.83
2044-05-05,10869.73,718.36,13.50,6.47,738.33
2044-06-05,10151.37,719.26,12.60,6.47,738.33
2044-07-05,9432.11,720.15,11.71,6.47,738.33
2044-08-05,8711.96,721.04,10.82,6.47,738.33
2044-09-05,7990.92,721.94,9.92,6.47,738.33
2044-10-05,7268.98,722.83,9.03,6.47,738.33
2044-11-05,6546.15,723.73,8.13,6.47,738.33
2044-12-05,5822.42,724.63,7.23,6.47,738.33
2045-01-05,5097.79,725.53,6.33,6.47,738.33
2045-02-05,4372.26,726.43,5.43,6.47,738.33
2045-03-05,3645.83,727.33,4.53,6.47,738.33
2045-04-05,2918.50,728.24,3.62,6.47,738.33
2045-05-05,2190.26,729.14,2.72,1.32,733.18
2045-06-05,1461.12,730.05,1.81,1.32,733.18
2045-07-05,731.07,731.07,0.91,1.32,733.30
